{"access_token": "ya29.a0AfH6SMC09K26rCAXBeElWLMaRFeC4Sqnl6Tt2xnpLKxQzTXySIGvILZ5UtfDzH6rMW72lulZLf5w8avQnrQF79AyWrWmL4rEMatE2AVItBeJBxRJx9TUOiS7kZ7Sw2m3VekzdjLkmrrgrYUwHY3mt7ecQSjoaArAhjU", "client_id": "209767707083-o673qko5hecokecp2rmjp44h7bt41fre.apps.googleusercontent.com", "client_secret": "YY1WpOt1hRYl0Zfv94UNV89K", "refresh_token": "1//0ggejZSdGRaJICgYIARAAGBASNwF-L9IrdrbeJXlfxDWi273JDp-5lCMVADYxbrKq25oIsDBA7-Ku8qMO52oNa7fKaaiXaGuHv8A", "token_expiry": "2020-05-17T11:45:47Z", "token_uri": "https://oauth2.googleapis.com/token", "user_agent": null, "revoke_uri": "https://oauth2.googleapis.com/revoke", "id_token": null, "id_token_jwt": null, "token_response": {"access_token": "ya29.a0AfH6SMC09K26rCAXBeElWLMaRFeC4Sqnl6Tt2xnpLKxQzTXySIGvILZ5UtfDzH6rMW72lulZLf5w8avQnrQF79AyWrWmL4rEMatE2AVItBeJBxRJx9TUOiS7kZ7Sw2m3VekzdjLkmrrgrYUwHY3mt7ecQSjoaArAhjU", "expires_in": 3599, "refresh_token": "1//0ggejZSdGRaJICgYIARAAGBASNwF-L9IrdrbeJXlfxDWi273JDp-5lCMVADYxbrKq25oIsDBA7-Ku8qMO52oNa7fKaaiXaGuHv8A", "scope": "https://www.googleapis.com/auth/calendar", "token_type": "Bearer"}, "scopes": ["https://www.googleapis.com/auth/calendar"], "token_info_uri": "https://oauth2.googleapis.com/tokeninfo", "invalid": false, "_class": "OAuth2Credentials", "_module": "oauth2client.client"}